reason_code,Rejection,active,mac_id,RejectionNo,item,oper_num,nw_old
0,WELD OFFSET,-1,,31,ZFTVS-XJ21,60,-1
13,Collector box short fill,-1,1,,,,
14,Collector box short fill,-1,1,,,,
15,Piller broken,-1,1,,,,
16,Terminal bend - RH,-1,1,,,,
17,Terminal bend - LH,-1,1,,,,
18,Flash in Collector box,-1,1,,,,
105,Housing damage,-1,1,,,,
19,Terminal bend,-1,2,,,,
20,Improper lancing,-1,2,,,,
21,Terminal height variation,-1,2,,,,
22,Continuty fail,-1,2,,,,
23,Brush damage,-1,3,,,,
24,Joint Seal under size,-1,3,,,,
25,Joint Seal Over size,-1,3,,,,
26,Joint seal thickness variance,-1,3,,,,
27,Spring bend,-1,3,,,,
29,Weld Off set,-1,5,,,,
30,Weld Spark,-1,5,,,,
31,Terminal bend,-1,5,,,,
32,Weld miss out,-1,5,,,,
33,Terminal Twist,-1,5,,,,
34,Ground pin bend,-1,6,,,,
35,PCB thickness variance,-1,6,,,,
36,Terminal bend,-1,6,,,,
37,Brush not lock,-1,7,,,,
38,Braid open in weld,-1,7,,,,
39,Damage in collector box,-1,7,,,,
40,Printing illegible,-1,8,,,,
41,Imbedence fail,-1,8,,,,
42,Resistance fail,-1,8,,,,
43,blister damage,-1,9,,,,
44,Collector box short fill,-1,10,,,,
45,Piller broken,-1,10,,,,
46,Terminal bend - RH,-1,10,,,,
47,Terminal bend - LH,-1,10,,,,
48,Flash in Collector box,-1,10,,,,
49,Brush damage,-1,4,,,,
50,Joint Seal under size,-1,4,,,,
51,Joint Seal Over size,-1,4,,,,
28,Brush not lock,-1,3,,,,
53,Spring bend,-1,4,,,,
54,Brush not lock,-1,4,,,,
55,Brush damage,-1,11,,,,
56,Joint Seal under size,-1,11,,,,
57,Joint Seal Over size,-1,11,,,,
58,Joint seal thickness variance,-1,11,,,,
59,Spring bend,-1,11,,,,
60,Brush not lock,-1,11,,,,
61,Brush damage,-1,12,,,,
62,Joint Seal under size,-1,12,,,,
63,Joint Seal Over size,-1,12,,,,
64,Joint seal thickness variance,-1,12,,,,
65,Spring bend,-1,12,,,,
66,Brush not lock,-1,12,,,,
67,Weld Off set,-1,13,,,,
68,Weld Spark,-1,13,,,,
69,Terminal bend,-1,13,,,,
70,Weld miss out,-1,13,,,,
71,Terminal Twist,-1,13,,,,
72,Ground pin bend,-1,14,,,,
73,PCB thickness variance,-1,14,,,,
74,Terminal bend,-1,14,,,,
75,Brush not lock,-1,15,,,,
76,Braid open in weld,-1,15,,,,
77,Damage in collector box,-1,15,,,,
78,Printing illegible,-1,16,,,,
79,Imbedence fail,-1,16,,,,
80,Resistance fail,-1,16,,,,
81,Brush damage,-1,17,,,,
82,Joint Seal under size,-1,17,,,,
83,Joint Seal Over size,-1,17,,,,
84,Joint seal thickness variance,-1,17,,,,
85,Spring bend,-1,17,,,,
86,Brush not lock,-1,17,,,,
87,Brush damage,-1,18,,,,
88,Joint Seal under size,-1,18,,,,
89,Joint Seal Over size,-1,18,,,,
90,Joint seal thickness variance,-1,18,,,,
91,Spring bend,-1,18,,,,
92,Brush not lock,-1,18,,,,
93,Brush damage,-1,19,,,,
94,Joint Seal under size,-1,19,,,,
95,Joint Seal Over size,-1,19,,,,
96,Joint seal thickness variance,-1,19,,,,
97,Spring bend,-1,19,,,,
98,Brush not lock,-1,19,,,,
99,Brush damage,-1,20,,,,
100,Joint Seal under size,-1,20,,,,
101,Joint Seal Over size,-1,20,,,,
102,Joint seal thickness variance,-1,20,,,,
103,Spring bend,-1,20,,,,
104,Brush not lock,-1,20,,,,
52,Joint seal thickness variance,-1,3,,,,
106,Housing damage,-1,3,,,,
107,Housing damage,-1,4,,,,
108,Housing damage,-1,10,,,,
109,Housing damage,-1,11,,,,
110,Housing damage,-1,12,,,,
111,Housing damage,-1,17,,,,
112,Housing damage,-1,18,,,,
113,Housing damage,-1,19,,,,
114,Housing damage,-1,20,,,,
115,TERMINAL BEND - LH / RH,-1,,47,ZFTVS-XJ07,10,-1
116,Child part damage ,-1,,117,ZFTVS-XJ07,10,-1
117,Assy damage ,-1,,119,ZFTVS-XJ07,10,-1
118,Setting Scrap,-1,,113,ZFTVS-XJ07,10,-1
119,OTHERS,-1,,115,ZFTVS-XJ07,10,-1
120,TERMINAL BEND - LH / RH,-1,,47,ZFTVS-XJ07,15,-1
121,IMPROPER LANCING,-1,,99,ZFTVS-XJ07,15,-1
122,Child Part damage ,-1,,117,ZFTVS-XJ07,15,-1
123,Assy damage ,-1,,119,ZFTVS-XJ07,15,-1
124,GAUGE NOT OK FOR TERMINAL GAP,-1,,93,ZFTVS-XJ07,15,-1
125,Setting Scrap,-1,,113,ZFTVS-XJ07,15,-1
126,OTHERS,-1,,115,ZFTVS-XJ07,15,-1
127,Child Part damage ,-1,,117,ZFTVS-XJ07,20,-1
128,LANCING MISSING,-1,,98,ZFTVS-XJ07,20,-1
129,IMPROPER LANCING,-1,,99,ZFTVS-XJ07,20,-1
130,TERMINAL BEND,-1,,47,ZFTVS-XJ07,20,-1
131,Setting Scrap,-1,,113,ZFTVS-XJ07,20,-1
132,JOINT SEAL SIZE VARIATION,-1,,100,ZFTVS-XJ07,20,-1
133,OTHERS,-1,,115,ZFTVS-XJ07,20,-1
134,WELD MISSED OUT - LH / RH,-1,,32,ZFTVS-XJ07,30,-1
135,WELD OFFSET,-1,,31,ZFTVS-XJ07,30,-1
136,TERMINAL BEND / TWIST,-1,,47,ZFTVS-XJ07,30,-1
137,Child Part damage ,-1,,117,ZFTVS-XJ07,30,-1
138,JOINT SEAL SIZE VARIATION,-1,,100,ZFTVS-XJ07,30,-1
139,Burn Mark and Black Spot,-1,,34,ZFTVS-XJ07,30,-1
140,SETTING REJECTION,-1,,113,ZFTVS-XJ07,30,-1
141,OTHERS,-1,,115,ZFTVS-XJ07,30,-1
142,Component missing,-1,,120,ZFTVS-XJ07,40,-1
143,Assy damage ,-1,,119,ZFTVS-XJ07,40,-1
144,Child Part damage ,-1,,117,ZFTVS-XJ07,40,-1
145,TERMINAL BEND,-1,,47,ZFTVS-XJ07,40,-1
146,WELD OFFSET,-1,,31,ZFTVS-XJ07,40,-1
147,SETTING REJECTION,-1,,113,ZFTVS-XJ07,40,-1
148,OTHERS,-1,,115,ZFTVS-XJ07,40,-1
149,WELD MISSING,-1,,32,ZFTVS-XJ07,45,-1
150,Assy damage ,-1,,119,ZFTVS-XJ07,45,-1
151,TERMINAL BEND,-1,,47,ZFTVS-XJ07,45,-1
152,SETTING REJECTION,-1,,113,ZFTVS-XJ07,45,-1
153,OTHERS,-1,,115,ZFTVS-XJ07,45,-1
154,IMPEDENCE FAIL,-1,,70,ZFTVS-XJ07,50,-1
155,CAPACITANCE FAIL,-1,,66,ZFTVS-XJ07,50,-1
156,RESISTANCE FAIL,-1,,71,ZFTVS-XJ07,50,-1
157,LANCING MISSING,-1,,98,ZFTVS-XJ07,50,-1
158,IMPROPER LANCING,-1,,99,ZFTVS-XJ07,50,-1
159,WELD OFFSET,-1,,31,ZFTVS-XJ07,50,-1
160,TERMINAL BEND,-1,,47,ZFTVS-XJ07,50,-1
161,WELD MISSING,-1,,32,ZFTVS-XJ07,50,-1
162,JOINT SEAL THICKNESS VARIATION,-1,,100,ZFTVS-XJ07,50,-1
163,OTHERS,-1,,115,ZFTVS-XJ07,50,-1
164,TERMINAL BEND,-1,,47,ZFTVS-XJ07,55,-1
165,WELD OFFSET,-1,,31,ZFTVS-XJ07,55,-1
166,component missing ,-1,,120,ZFTVS-XJ07,55,-1
167,JOINT SEAL THICKNESS VARIATION,-1,,100,ZFTVS-XJ07,55,-1
168,Child Part damage ,-1,,117,ZFTVS-XJ07,55,-1
169,Assy damage ,-1,,119,ZFTVS-XJ07,55,-1
170,IMPROPER LANCING,-1,,99,ZFTVS-XJ07,55,-1
171,LANCING MISSING,-1,,98,ZFTVS-XJ07,55,-1
172,Burn Mark and Black Spot,-1,,34,ZFTVS-XJ07,55,-1
173,Improper assembly ,-1,,86,ZFTVS-XJ07,55,-1
174,Others ,-1,,115,ZFTVS-XJ07,55,-1
175,PRINT ILLEGIBILITY / OFFSET,-1,,67,ZFTVS-XJ07,55,-1
176,Process Skip,-1,,121,ZFTVS-XJ07,55,-1
177,WELD MISSING,-1,,32,ZFTVS-XJ07,55,-1
241,TERMINAL BEND - LH / RH,-1,,47,ZFTVS-XJ07,10,-1
242,Child part damage ,-1,,117,ZFTVS-XJ07,10,-1
243,Assy damage ,-1,,119,ZFTVS-XJ07,10,-1
244,Setting Scrap,-1,,113,ZFTVS-XJ07,10,-1
245,OTHERS,-1,,115,ZFTVS-XJ07,10,-1
246,TERMINAL BEND - LH / RH,-1,,47,ZFTVS-XJ07,20,-1
247,IMPROPER LANCING,-1,,99,ZFTVS-XJ07,20,-1
248,Child Part damage ,-1,,117,ZFTVS-XJ07,20,-1
249,Assy damage ,-1,,119,ZFTVS-XJ07,20,-1
250,GAUGE NOT OK FOR TERMINAL GAP,-1,,93,ZFTVS-XJ07,20,-1
251,Setting Scrap,-1,,113,ZFTVS-XJ07,20,-1
252,OTHERS,-1,,115,ZFTVS-XJ07,20,-1
253,Child Part damage ,-1,,117,ZFTVS-XJ07,30,-1
254,LANCING MISSING,-1,,98,ZFTVS-XJ07,30,-1
255,IMPROPER LANCING,-1,,99,ZFTVS-XJ07,30,-1
256,TERMINAL BEND,-1,,47,ZFTVS-XJ07,30,-1
257,Setting Scrap,-1,,113,ZFTVS-XJ07,30,-1
258,JOINT SEAL SIZE VARIATION,-1,,100,ZFTVS-XJ07,30,-1
259,OTHERS,-1,,115,ZFTVS-XJ07,30,-1
260,WELD MISSED OUT - LH / RH,-1,,32,ZFTVS-XJ07,40,-1
261,WELD OFFSET,-1,,31,ZFTVS-XJ07,40,-1
262,TERMINAL BEND / TWIST,-1,,47,ZFTVS-XJ07,40,-1
263,Child Part damage ,-1,,117,ZFTVS-XJ07,40,-1
264,JOINT SEAL SIZE VARIATION,-1,,100,ZFTVS-XJ07,40,-1
265,Burn Mark and Black Spot,-1,,34,ZFTVS-XJ07,40,-1
266,SETTING REJECTION,-1,,113,ZFTVS-XJ07,40,-1
267,OTHERS,-1,,115,ZFTVS-XJ07,40,-1
268,Component missing,-1,,120,ZFTVS-XJ07,50,-1
269,Assy damage ,-1,,119,ZFTVS-XJ07,50,-1
270,Child Part damage ,-1,,117,ZFTVS-XJ07,50,-1
271,TERMINAL BEND,-1,,47,ZFTVS-XJ07,50,-1
272,WELD OFFSET,-1,,31,ZFTVS-XJ07,50,-1
273,SETTING REJECTION,-1,,113,ZFTVS-XJ07,50,-1
274,OTHERS,-1,,115,ZFTVS-XJ07,50,-1
275,WELD MISSING,-1,,32,ZFTVS-XJ07,50,-1
276,IMPEDENCE FAIL,-1,,70,ZFTVS-XJ07,60,-1
277,CAPACITANCE FAIL,-1,,66,ZFTVS-XJ07,60,-1
278,RESISTANCE FAIL,-1,,71,ZFTVS-XJ07,60,-1
279,LANCING MISSING,-1,,98,ZFTVS-XJ07,60,-1
280,IMPROPER LANCING,-1,,99,ZFTVS-XJ07,60,-1
281,WELD OFFSET,-1,,31,ZFTVS-XJ07,60,-1
282,TERMINAL BEND,-1,,47,ZFTVS-XJ07,60,-1
283,WELD MISSING,-1,,32,ZFTVS-XJ07,60,-1
284,JOINT SEAL THICKNESS VARIATION,-1,,100,ZFTVS-XJ07,60,-1
285,OTHERS,-1,,115,ZFTVS-XJ07,60,-1
286,TERMINAL BEND - LH / RH,-1,,47,ZFTVS-XJ21,10,-1
287,Child part damage ,-1,,117,ZFTVS-XJ21,10,-1
288,Assy damage ,-1,,119,ZFTVS-XJ21,10,-1
289,Setting Scrap,-1,,113,ZFTVS-XJ21,10,-1
290,OTHERS,-1,,115,ZFTVS-XJ21,10,-1
291,TERMINAL BEND - LH / RH,-1,,47,ZFTVS-XJ21,20,-1
292,IMPROPER LANCING,-1,,99,ZFTVS-XJ21,20,-1
293,Child Part damage ,-1,,117,ZFTVS-XJ21,20,-1
294,Assy damage ,-1,,119,ZFTVS-XJ21,20,-1
295,GAUGE NOT OK FOR TERMINAL GAP,-1,,93,ZFTVS-XJ21,20,-1
296,Setting Scrap,-1,,113,ZFTVS-XJ21,20,-1
297,OTHERS,-1,,115,ZFTVS-XJ21,20,-1
298,Child Part damage ,-1,,117,ZFTVS-XJ21,30,-1
299,LANCING MISSING,-1,,98,ZFTVS-XJ21,30,-1
300,IMPROPER LANCING,-1,,99,ZFTVS-XJ21,30,-1
301,TERMINAL BEND,-1,,47,ZFTVS-XJ21,30,-1
302,Setting Scrap,-1,,113,ZFTVS-XJ21,30,-1
303,JOINT SEAL SIZE VARIATION,-1,,100,ZFTVS-XJ21,30,-1
304,OTHERS,-1,,115,ZFTVS-XJ21,30,-1
305,WELD MISSED OUT - LH / RH,-1,,32,ZFTVS-XJ21,40,-1
306,WELD OFFSET,-1,,31,ZFTVS-XJ21,40,-1
307,TERMINAL BEND / TWIST,-1,,47,ZFTVS-XJ21,40,-1
308,Child Part damage ,-1,,117,ZFTVS-XJ21,40,-1
309,JOINT SEAL SIZE VARIATION,-1,,100,ZFTVS-XJ21,40,-1
310,Burn Mark and Black Spot,-1,,34,ZFTVS-XJ21,40,-1
311,SETTING REJECTION,-1,,113,ZFTVS-XJ21,40,-1
312,OTHERS,-1,,115,ZFTVS-XJ21,40,-1
313,Component missing,-1,,120,ZFTVS-XJ21,50,-1
314,Assy damage ,-1,,119,ZFTVS-XJ21,50,-1
315,Child Part damage ,-1,,117,ZFTVS-XJ21,50,-1
316,TERMINAL BEND,-1,,47,ZFTVS-XJ21,50,-1
317,WELD OFFSET,-1,,31,ZFTVS-XJ21,50,-1
318,SETTING REJECTION,-1,,113,ZFTVS-XJ21,50,-1
319,OTHERS,-1,,115,ZFTVS-XJ21,50,-1
320,WELD MISSING,-1,,32,ZFTVS-XJ21,50,-1
321,IMPEDENCE FAIL,-1,,70,ZFTVS-XJ21,60,-1
322,CAPACITANCE FAIL,-1,,66,ZFTVS-XJ21,60,-1
323,RESISTANCE FAIL,-1,,71,ZFTVS-XJ21,60,-1
324,LANCING MISSING,-1,,98,ZFTVS-XJ21,60,-1
325,IMPROPER LANCING,-1,,99,ZFTVS-XJ21,60,-1
327,TERMINAL BEND,-1,,47,ZFTVS-XJ21,60,-1
328,WELD MISSING,-1,,32,ZFTVS-XJ21,60,-1
998,JOINT SEAL THICKNESS VARIATION,-1,,100,ZFTVS-XJ21,60,-1
999,OTHERS,-1,,115,ZFTVS-XJ21,60,-1
